Manufacture,Model,Release Year,MSRP,Weight,Length,Max Diameter,Max Aperture,EFL,Zoom,Stabilized,Cinema,Format
Canon,EF 14mm f/2.8L II USM,2007,2099,645,93.98,78.74,2.8,14,0,0,0,Full-Frame
Canon,CN-E 14mm T3.1 L F,2013,5220,1200,93.98,118.364,3.1,14,0,0,1,Full-Frame
Canon,TS-E 17mm f/4L Tilt-Shift,2009,2149,820,106.68,88.9,4,17,0,0,0,Full-Frame
Canon,EF 20mm f/2.8 USM,1992,539,405,70.612,77.47,2.8,20,0,0,0,Full-Frame
Canon,EF 24mm f/2.8 IS USM,2012,599,281,55.626,68.326,2.8,24,0,1,0,Full-Frame
Canon,EF 24mm f/1.4L II USM,2008,1549,650,86.868,83.566,1.4,24,0,0,0,Full-Frame
Canon,TS-E 24mm f/3.5L II Tilt-Shift,2009,1899,780,106.934,88.392,3.5,24,0,0,0,Full-Frame
Canon,CN-E 24mm T1.5 L F,2013,5220,1200,101.6,118.364,1.5,24,0,0,1,Full-Frame
Canon,EF 28mm f/2.8 IS USM,2012,509,261,51.308,68.326,2.8,28,0,1,0,Full-Frame
Canon,EF 28mm f/1.8 USM,1995,549,310,55.88,68.326,1.8,28,0,0,0,Full-Frame
Canon,EF 35mm f/1.4L USM,1998,1099,580,86.36,78.74,1.4,35,0,0,0,Full-Frame
Canon,EF 35mm f/1.4L II USM,2015,1799,760,105.41,80.518,1.4,35,0,0,0,Full-Frame
Canon,EF 35mm f/2 IS USM,2012,599,335,62.484,77.978,2,35,0,1,0,Full-Frame
Canon,CN-E 35mm T1.5 L F,2013,4950,1100,101.6,118.364,1.5,35,0,0,1,Full-Frame
Canon,EF 40mm f/2.8 STM,2012,199,130,22.86,68.58,2.8,40,0,0,0,Full-Frame
Canon,TS-E 45mm f/2.8 Tilt-Shift,1991,1399,645,89.916,81.026,2.8,45,0,0,0,Full-Frame
Canon,EF 50mm f/1.8 STM,2015,125,162,40.64,68.58,1.8,50,0,0,0,Full-Frame
Canon,EF 50mm f/1.4 USM,1993,399,290,50.8,73.66,1.4,50,0,0,0,Full-Frame
Canon,EF 50mm f/1.2L USM,2006,1449,590,65.532,85.852,1.2,50,0,0,0,Full-Frame
Canon,CN-E 50mm T1.3 L F,2013,4950,1100,101.6,118.364,1.3,50,0,0,1,Full-Frame
Canon,EF-S 60mm f/2.8 Macro USM,2005,469,335,69.85,72.898,2.8,60,0,0,0,Full-Frame
Canon,EF 85mm f/1.8 USM,1992,419,425,71.374,74.93,1.8,85,0,0,0,Full-Frame
Canon,EF 85mm f/1.2L II USM,2006,1999,1025,83.82,91.44,1.2,85,0,0,0,Full-Frame
Canon,CN-E 85mm T1.3 L F,2013,4950,1300,101.6,118.364,1.3,85,0,0,1,Full-Frame
Canon,TS-E 90mm f/2.8 Tilt-Shift,1991,1399,565,88.9,73.66,2.8,90,0,0,0,Full-Frame
Canon,EF 100mm f/2 USM,1991,499,460,73.406,74.93,2,100,0,0,0,Full-Frame
Canon,EF 100mm f/2.8 Macro USM,2000,599,580,119.38,78.74,2.8,100,0,0,0,Full-Frame
Canon,EF 100mm f/2.8L Macro USM,2009,899,625,122.936,77.724,2.8,100,0,1,0,Full-Frame
Canon,EF 135mm f/2L USM,1996,999,750,111.76,81.28,2,135,0,0,0,Full-Frame
Canon,CN-E 135mm T2.2 L F,2013,4950,1400,115.57,118.364,2.2,135,0,0,1,Full-Frame
Canon,EF 180mm f/3.5L Macro USM,1996,1399,1090,186.69,82.55,3.5,180,0,0,0,Full-Frame
Canon,EF 200mm f/2.8L II USM,1996,749,765,137.16,83.82,2.8,200,0,0,0,Full-Frame
Canon,EF 200mm f/2L IS USM,2008,5699,2540,208.28,127,2,200,0,1,0,Full-Frame
Canon,EF 300mm f/4L IS USM,1997,1349,1190,220.98,88.9,4,300,0,1,0,Full-Frame
Canon,EF 300mm f/2.8L IS II USM,2011,6099,2350,248.92,127,2.8,300,0,1,0,Full-Frame
Canon,EF 400mm f/5.6L USM,1993,1249,1250,256.54,88.9,5.6,400,0,0,0,Full-Frame
Canon,EF 400mm f/2.8L IS II USM,2011,9999,3850,342.9,163.068,2.8,400,0,1,0,Full-Frame
Canon,EF 400mm f/4 DO IS II USM,2014,6899,2100,232.664,128.016,4,400,0,1,0,Full-Frame
Canon,EF 500mm f/4L IS II USM,2011,8999,3190,383.032,146.05,4,500,0,1,0,Full-Frame
Canon,EF 600mm f/4L IS II USM,2011,11490,3920,447.04,167.64,4,600,0,1,0,Full-Frame
Canon,EF 800mm f/5.6L IS USM,2008,12999,4500,459.74,162.56,5.6,800,0,1,0,Full-Frame
Canon,EF 11-24mm f/4L USM,2015,2999,1180,132.08,109.22,4,11-24,1,0,0,Full-Frame
Canon,EF 100-400mm f/4.5-5.6L IS USM,1998,1499,1360,189,92,5.6,100-400,1,1,0,Full-Frame
Canon,EF 100-400mm f/4.5-5.6L IS II USM,2014,2199,1590,193.04,93.98,5.6,100-400,1,1,0,Full-Frame
Canon,CN-E 15.5-47mm f/2.8 L SP,2012,23875,2190,220.98,111.76,2.8,15.5-47,1,0,1,Full-Frame
Canon,EF 16-35mm f/2.8L II USM,2007,1599,635,111.506,88.392,2.8,16-35,1,0,0,Full-Frame
Canon,EF 16-35mm f/4L IS USM,2014,1099,615,112.776,82.55,4,16-35,1,1,0,Full-Frame
Canon,EF 17-40mm f/4L USM,2003,799,475,96.774,83.566,4,17-40,1,0,0,Full-Frame
Canon,EF 200-400mm f/4L IS USM Extender 1.4x,2013,10999,3620,366.014,128.016,4,200-400,1,1,0,Full-Frame
Canon,EF 24-105mm f/4L IS USM,2005,999,670,106.68,83.82,4,24-70,1,1,0,Full-Frame
Canon,EF 24-70mm f/2.8L II USM,2012,1899,805,113.03,88.392,2.8,24-70,1,0,0,Full-Frame
Canon,EF 24-70mm f/4L IS USM,2012,999,600,92.964,83.312,4,24-70,1,1,0,Full-Frame
Canon,EF 28-300mm f/3.5-5.6L IS USM,2004,2449,1660,182.88,91.44,5.6,28-300,1,1,0,Full-Frame
Canon,CN-E 30-105mm f/2.8 L SP,2012,23875,2190,220.98,111.76,2.8,30-105,1,0,1,Full-Frame
Canon,EF 70-200mm f/4L IS USM,2006,1199,760,172.72,76.2,4,70-200,1,1,0,Full-Frame
Canon,EF 70-200mm f/4L USM,1999,649,705,172.72,76.2,4,70-200,1,0,0,Full-Frame
Canon,EF 70-200mm f/2.8L IS II USM,2010,2099,1490,198.12,88.9,2.8,70-200,1,1,0,Full-Frame
Canon,EF 70-300mm f/4-5.6 IS USM,2005,649,630,142.24,76.2,5.6,70-300,1,1,0,Full-Frame
Canon,EF 70-300mm f/4-5.6L IS USM,2010,1349,1050,142.24,88.9,5.6,70-300,1,1,0,Full-Frame
Canon,EF 100mm f/2.8L Macro IS USM,2013,849,625,123,77.7,2.8,100,0,1,0,Full-Frame
Canon,EF 400mm f/4 DO IS USM,1997,5500,2500,232.664,128.016,4,400,0,1,0,Full-Frame
Canon,EF 70-300mm f/4.5-5.6 IS II USM,2016,549,708,145,78.7,4.5,70-300,1,1,0,Full-Frame
Canon,EF 16-35mm f/2.8L III USM,2016,2199,790,128,88.5,2.8,16-35,1,0,0,Full-Frame
Canon,EF-S 18-135mm f/3.5-5.6 IS USM,2016,599,515,96,77.4,3.5,18-135,1,1,0,APS-C
Canon,EF 24-105mm f/3.5-5.6 IS STM,2014,599,525,104,83.4,3.5,24-105,1,1,0,Full-Frame
Canon,EF 24-105mm f/4L IS II USM,2016,1099,795,118,83.5,4,24-105,1,1,0,Full-Frame
Fujifilm,Fujinon XF 14mm f/2.8 R,2013,899,235,58.4,65,2.8,14,0,0,0,APS-C
Fujifilm,Fujinon XF 16mm f/1.4 R WR,2015,999,375,73,73.4,1.4,16,0,0,0,APS-C
Fujifilm,Fujinon XF 18mm f/2 R,2012,599,116,40.6,64.5,2,18,0,0,0,APS-C
Fujifilm,Fujinon XF 23mm f/1.4 R,2014,899,301,63,72,1.4,23,0,0,0,APS-C
Fujifilm,Fujinon XF 23mm f/2 R WR,2016,449,180,51.9,60,2,23,0,0,0,APS-C
Fujifilm,Fujinon XF 27mm f/2.8,2014,449,78,23,61.2,2.8,27,0,0,0,APS-C
Fujifilm,Fujinon XF 35mm f/1.4 R,2013,599,187,54.9,65,1.4,35,0,0,0,APS-C
Fujifilm,Fujinon XF 35mm f/2 R WR,2015,399,170,45.9,60,2,35,0,0,0,APS-C
Fujifilm,Fujinon XF 56mm f/1.2 R,2014,999,405,69.7,73.2,1.2,56,0,0,0,APS-C
Fujifilm,Fujinon XF 56mm f/1.2 R APD,2015,1499,405,69.7,73.2,1.2,56,0,0,0,APS-C
Fujifilm,Fujinon XF 60mm f/2.4 R Macro,2012,649,215,70.9,64.1,2.4,60,0,0,0,APS-C
Fujifilm,Fujinon XF 90mm f/2 R LM WR,2015,949,540,105,75,2,90,0,0,0,APS-C
Fujifilm,Fujinon XF 10-24mm f/4 R OIS,2014,999,410,87,78,4,10-24,1,1,0,APS-C
Fujifilm,Fujinon XF 16-55mm f/2.8 R LM WR,2015,1199,655,106,83.3,2.8,16-55,1,0,0,APS-C
Fujifilm,Fujinon XF 18-55mm f/2.8-4 R LM OIS,2012,699,310,70.4,65,2.8,18-55,1,1,0,APS-C
Fujifilm,Fujinon XF 18-135mm f/3.5-5.6 R LM  OIS WR,2014,899,490,97.8,75.7,3.5,18-135,1,1,0,APS-C
Fujifilm,Fujinon XF 50-140mm f/2.8 R LM OIS WR,2015,1599,995,175.9,82.9,2.8,50-140,1,1,0,APS-C
Fujifilm,Fujinon XF 55-200mm f/3.5-4.8 R LM OIS,2014,699,580,118,75,3.5,55-200,1,1,0,APS-C
Fujifilm,Fujinon XF 100-400mm f/4.5-5.6 R LM OIS WR,2016,1899,1375,210.5,94.8,4.5,100-400,1,1,0,APS-C
Fujifilm,Fujinon XC 16-50mm f/3.5-5.6 OIS II,2015,399,195,65.2,62.6,3.5,16-50,1,1,0,APS-C
Fujifilm,Fujinon XC 50-230mm f/4.5-6.7 OIS II,2015,399,,111,69.5,4.5,50-230,1,1,0,APS-C
Handevision,Ibelux 40mm f/0.85 ,2014,1899,1200,128.016,73.914,0.85,40,0,0,0,Micro Four Thirds
Irix,Firefly 15mm f/2.4,2016,517,608,100,114,2.4,15,0,0,0,Full-Frame
Irix,Blackstone 15mm f/2.4,2015,757,685,100,114,2.4,15,0,0,0,Full-Frame
Leica,18mm f/3.8 Super-Elmar-M Aspherical,2009,2860,310,58,61,3.8,18,0,0,0,Full-Frame
Leica,21mm f/3.4 Super-Elmar-M Aspherical,2011,2635.6,279,43,53,3.4,21,0,0,0,Full-Frame
Leica,21mm f/1.4 Summilux-M Aspherical,2008,6732,580,66,70,1.4,21,0,0,0,Full-Frame
Leica,24mm f/3.8 Elmar-M Aspherical,2008,2332,260,41,57,3.8,24,0,0,0,Full-Frame
Leica,24mm f/1.4 Summilux-M Aspherical,2008,6644,500,59,61,1.4,24,0,0,0,Full-Frame
Leica,28mm f/2.8 Elmarit-M Aspherical,2008,1980,180,30,52,2.8,28,0,0,0,Full-Frame
Leica,28mm f/2 Summicron-M Aspherical (2016),2016,3995,270,40.64,53.34,2,28,0,0,0,Full-Frame
Leica,28mm f/2 Summicron-M Aspherical,2000,3779.6,271.8,40.64,53.34,2,28,0,0,0,Full-Frame
Leica,28mm f/1.4 Summilux-M Aspherical,2014,5950,440,81.28,60.96,1.4,28,0,0,0,Full-Frame
Leica,35mm f/2.5 Summarit-M,2007,1649.95,220,34,51,2.5,35,0,0,0,Full-Frame
Leica,35mm f/2.4 Summarit-M Aspherical,2014,1980,197,34,52,2.4,35,0,0,0,Full-Frame
Leica,35mm f/2 Summicron-M Aspherical,1996,2795,255,34.5,53,2,35,0,0,0,Full-Frame
Leica,35mm f/1.4 Summilux-M Aspherical,2010,4532,320,46,56,1.4,35,0,0,0,Full-Frame
Leica,50mm f/2.5 Summarit-M,2007,1369,230,33,51,2.5,50,0,0,0,Full-Frame
Leica,50mm f/2.4 Summarit-M,2014,1716,190,33,52,2.4,50,0,0,0,Full-Frame
Leica,50mm f/2 Summicron-M,1994,2068,240.09,43.18,53.34,2,50,0,0,0,Full-Frame
Leica,50mm f/2 Apo-Summicron-M Aspherical,2012,7260,300,47,53,2,50,0,0,0,Full-Frame
Leica,50mm f/1.4 Summilux-M Aspherical,2004,3515.6,335,52.5,53.5,1.4,50,0,0,0,Full-Frame
Leica,50mm f/0.95 Noctilux-M Aspherical,2008,9675.6,700,75.1,73,0.95,50,0,0,0,Full-Frame
Leica,75mm f/2.5 Summarit-M,2007,1395,345,60.5,55,2.5,75,0,0,0,Full-Frame
Leica,75mm f/2.4 Summarit-M,1996,1892,325,60.5,55,2.4,75,0,0,0,Full-Frame
Leica,75mm f/2 Apo-Summicron-M,2005,3339.6,430,67,58,2,75,0,0,0,Full-Frame
Leica,90mm f/4 Macro-Elmar,1996,3212,230,59,52,4,90,0,0,0,Full-Frame
Leica,90mm f/2.4 Summarit-M,2008,2068,346,67,55,2.4,90,0,0,0,Full-Frame
Leica,90mm f/2 Apo-Summicron-M Aspherical,1998,3515.6,498.3,78.74,63.5,2,90,0,0,0,Full-Frame
Leica,135mm f/3.4 Apo-Telyt-M,1998,3388,453,104.14,5.842,3.4,135,0,0,0,Full-Frame
Leica,Vario-Elmarit-SL 24-90mm f/2.8-4 Asph,2015,4950,1140,138,88,4,24-90,1,1,0,Full-Frame
Leica,Apo-Vario-Elmarit-SL 90-280mm f/2.8-4,2015,6350,1850,238,88,4,90-280,1,1,0,Full-Frame
Leica,Summaron-M 28mm f/5.6,2016,,,,,5.6,28,0,,0,
Mitakon Zhongyi,FreeWalker 24mm f/1.7 ,2014,349,246,55.118,61.468,1.7,24,0,0,0,APS-C
Mitakon Zhongyi,Speedmaster 25mm f/0.95,2015,399,230,44.958,59.944,0.95,25,0,0,0,Micro Four Thirds
Mitakon Zhongyi,FreeWalker 42.5mm f/1.2 ,2014,399,310,52.578,59.944,1.2,42.5,0,0,0,Micro Four Thirds
Nikon,AF-S Nikkor 20mm f/1.8G ED,2014,797,357,78.74,81.28,1.8,20,0,0,0,Full-Frame
Nikon,AF-S Nikkor 24mm f/1.4G ED,2010,1997,620,88.9,83.82,1.4,24,0,0,0,Full-Frame
Nikon,PC-E Nikkor 24mm f/3.5D ED Tilt-Shift,2008,2197,730,107.95,82.55,3.5,24,0,0,0,Full-Frame
Nikon,AF-S Nikkor 28mm f/1.8G,2012,697,330,81.28,73.66,1.8,28,0,0,0,Full-Frame
Nikon,AF-S Nikkor 35mm f/1.8G ED,2014,527,305,71.374,71.882,1.8,35,0,0,0,Full-Frame
Nikon,AF-S Nikkor 35mm f/1.4G,2010,1697,601,89.408,83.058,1.4,35,0,0,0,Full-Frame
Nikon,PC-E Micro-Nikkor 45mm f/2.8D ED Tilt-Shift,2008,2047,740,112.014,82.55,2.8,45,0,0,0,Full-Frame
Nikon,AF-S Nikkor 50mm f/1.8G,2011,217,185,53.34,71.12,1.8,50,0,0,0,Full-Frame
Nikon,AF-S Nikkor 50mm f/1.4G,2008,447,281,53.34,73.66,1.4,50,0,0,0,Full-Frame
Nikon,AF-S Nikkor 58mm f/1.4G,2013,1597,385,70.104,85.09,1.4,58,0,0,0,Full-Frame
Nikon,AF-S Micro-Nikkor 60mm f/2.8G ED Lens,2008,597,425,88.9,73.66,2.8,60,0,0,0,Full-Frame
Nikon,AF-S Nikkor 85mm f/1.8G,2012,497,350,73.66,78.74,1.8,85,0,0,0,Full-Frame
Nikon,AF-S Nikkor 85mm f/1.4G,2010,1597,595,83.82,86.36,1.4,85,0,0,0,Full-Frame
Nikon,PC-E Micro-Nikkor 85mm f/2.8D Tilt-Shift,2008,1977,635,106.934,83.566,2.8,85,0,0,0,Full-Frame
Nikon,AF-S VR Micro-Nikkor 105mm f/2.8G IF-ED,2006,897,720,116.84,83.82,2.8,105,0,1,0,Full-Frame
Nikon,AF-S Nikkor 200mm f/2G ED VR II,2010,5697,2930,203.2,124.46,2,200,0,1,0,Full-Frame
Nikon,AF-S Nikkor 300mm f/4E PF ED VR,2015,1997,755,147.574,88.9,4,300,0,1,0,Full-Frame
Nikon,AF-S Nikkor 300mm f/2.8G ED VR II,2009,5497,2900,266.7,124.46,2.8,300,0,1,0,Full-Frame
Nikon,AF-S Nikkor 400mm f/2.8E FL ED VR,2014,11197,3800,357.886,159.512,2.8,400,0,1,0,Full-Frame
Nikon,AF-S Nikkor 14-24mm f/2.8G ED,2007,1897,1000,132.08,96.52,2.8,14-24,1,0,0,Full-Frame
Nikon,AF-S Nikkor 16-35mm f/4G ED VR,2010,1097,680,124.46,81.28,4,16-35,1,1,0,Full-Frame
Nikon,AF-S Nikkor 18-35mm f/3.5-4.5G ED,2013,747,385,94.996,83.058,4.5,18-35,1,0,0,Full-Frame
Nikon,AF-S Nikkor 200-500mm f/5.6E ED VR,2015,1397,2090,267.462,107.95,5.6,200-500,1,1,0,Full-Frame
Nikon,AF-S Nikkor 24-120mm f/4G ED VR,2010,1097,710,104.14,83.82,4,24-120,1,1,0,Full-Frame
Nikon,AF-S Nikkor 24-70mm f/2.8G ED,2007,1797,900,132.08,83.82,2.8,24-70,1,0,0,Full-Frame
Nikon,AF-S Nikkor 24-70mm f/2.8G ED VR,2015,2397,1070,154.432,87.884,2.8,24-70,1,1,0,Full-Frame
Nikon,AF-S Nikkor 24-85mm f/3.5-4.5G ED VR,2012,497,465,81.28,78.74,4.5,24-85,1,1,0,Full-Frame
Nikon,AF-S Nikkor 28-300mm f/3.5-5.6G ED VR,2010,947,800,114.3,82.804,5.6,28-300,1,1,0,Full-Frame
Nikon,AF-S Nikkor 70-200mm f/2.8G ED VR II,2009,2097,1540,205.74,86.36,2.8,70-200,1,1,0,Full-Frame
Nikon,AF-S Nikkor 70-200mm f/4G ED VR,2012,1397,850,177.8,78.74,4,70-200,1,1,0,Full-Frame
Nikon,AF-S VR Zoom-Nikkor 70-300mm f/4.5-5.6G IF-ED,2006,497,745,142.24,78.74,5.6,70-300,1,1,0,Full-Frame
Nikon,AF-S Nikkor 80-400mm f/4.5-5.6G ED VR,2013,2297,1570,203.2,96.52,5.6,80-400,1,1,0,Full-Frame
Nikon,AF-S Nikkor 35mm f/1.8G ED DX,2009,200,210,52.5,70,1.8,35,0,0,0,Crop
Nikon,PC-E Nikkor 19mm f/4E ED Tilt-Shift,2016,3397,885,124,89,4,19,0,0,0,Full-Frame
Nikon,AF-S Nikkor 70-200mm f/2.8E FL ED VR,2016,2797,1430,202.5,88.5,2.8,70-200,1,1,0,Full-Frame
Nikon,AF-P DX Nikkor 70-300mm f/4.5-6.3G ED VR,2016,397,415,125,72,4.5,70-300,1,1,0,APS-C
Nikon,AF-S Nikkor 105mm f/1.4E ED,2016,2197,985,106,94.5,1.4,105,0,0,0,Full-Frame
Nikon ,AF-P DX Nikkor 18-55mm f/3.5-5.6G,2016,197,195,62.5,64.5,3.5,18-55,1,0,0,APS-C
Nikon ,AF-P DX Nikkor 70-300mm f/4.5-6.3G ED,2016,347,400,125,72,4.5,70-300,1,0,0,APS-C
Nikon ,AF-P DX Nikkor 18-55mm f/3.5-5.6G VR,2016,247,205,62.5,64.5,3.5,18-55,1,1,0,APS-C
Olympus,M.Zuiko Digital ED 30mm f/3.5 Macro,2016,299,128,60,57,3.5,30,0,0,0,Micro Four Thirds
Olympus,M.Zuiko Digital ED 25mm f/1.2 PRO,2016,1199,410,87,70,1.2,25,0,0,0,Micro Four Thirds
Olympus,M.Zuiko Digital ED 12-100mm f/4 IS PRO,2016,1299,561,116.5,77.5,4,12-100,1,1,0,Micro Four Thirds
Rokinon,14mm f/2.8 IF ED UMC,2009,299,552,96.012,87.122,2.8,14,0,0,0,Full-Frame
Rokinon,Xeen 14mm T/3.1,2016,2145,1170,88.3,117.6,2.8,14,0,0,1,Full-Frame
Rokinon,24mm f/1.4 ED AS UMC,2011,549,634.2,97.536,83.058,1.4,24,0,0,0,Full-Frame
Rokinon,Xeen 24mm T/1.5,2015,2145,1180,121.7,117.6,1.4,24,0,0,1,Full-Frame
Rokinon,35mm f/1.4 AS UMC,2010,407,710,111.506,83.058,1.4,35,0,0,0,Full-Frame
Rokinon,Xeen 35mm T/1.5,2016,2145,1375,121.7,117.6,1.4,35,0,0,1,Full-Frame
Rokinon,50mm f/1.4 AS IF UMC,2014,399,536,73.66,81.28,1.4,50,0,0,0,Full-Frame
Rokinon,Xeen 50mm T/1.5,2015,2145,1160,121.7,117.6,1.4,50,0,0,1,Full-Frame
Rokinon,85mm f/1.4 AS IF UMC,2009,267,540,74.676,77.978,1.4,85,0,0,0,Full-Frame
Rokinon,Xeen 85mm T/1.5,2015,2145,1245,121.7,117.6,1.4,85,0,0,1,Full-Frame
Rokinon,AF 50mm f/1.4 FE,2016,700,585,98,67,1.4,50,0,0,0,Full-Frame
Rokinon,Xeen 135mm T/2.2,2016,2195,2500,122,118,2.2,135,0,1,1,Full-Frame
Samyang,14mm Ultra Wide-Angle f/2.8 IF ED UMC,2016,329,552,96.1,87,2.8,14,0,0,0,APS-C
Samyang,8mm f/3.5 HD Fisheye,2009,279,428,77.3,75,3.5,8,0,0,0,APS-C
Samyang,135mm f/2.0 ED UMC,2015,499,815,120,82,2,135,0,0,0,Full-Frame
Samyang,85mm f/1.4 Aspherical,2009,289,520,72.2,78,1.4,85,0,0,0,Full-Frame
Schneider,PC-TS Super-Angulon 28mm f/4.5 HM Aspheric,2014,8288,1610,144.78,124.968,4.5,28,0,0,0,Full-Frame
Schneider,PC-TS Super-Angulon 50mm f/2.8 HM,2010,3365,1400,107.95,129.032,2.8,50,0,0,0,Full-Frame
Schneider,PC-TS Makro-Symmar 90mm f/4.5 HM,2010,3180,1110,138.684,107.95,4.5,90,0,0,0,Full-Frame
Sigma,19mm f/2.8 DN Art,2012,199,150,45.72,60.706,2.8,19,0,0,0,Micro Four Thirds
Sigma,20mm f/1.4 DG HSM Art,2015,899,950,129.794,90.678,1.4,20,0,0,0,Full-Frame
Sigma,24mm f/1.4 DG HSM Art,2015,850,665,90.17,85.09,1.4,24,0,0,0,Full-Frame
Sigma,30mm f/2.8 DN Art,2012,199,150,40.386,60.706,2.8,30,0,0,0,Micro Four Thirds
Sigma,30mm f/1.4 DC Contemporary,2016,339,265,73.406,64.77,1.4,30,0,0,0,APS-C
Sigma,35mm f/1.4 DG HSM Art,2012,899,665,93.98,76.962,1.4,35,0,0,0,Full-Frame
Sigma,50mm f/1.4 DG HSM Art,2014,949,815,99.822,85.344,1.4,50,0,0,0,Full-Frame
Sigma,60mm f/2.8 DN Art,2012,209,150,55.88,60.96,2.8,60,0,0,0,Micro Four Thirds
Sigma,85mm f/1.4 EX DG HSM,2010,969,725,86.36,86.36,1.4,85,0,0,0,Full-Frame
Sigma,120-300mm f/2.8 DG OS HSM Sport,2012,3599,3390,291.084,121.412,2.8,120-300,1,1,0,Full-Frame
Sigma,24-35mm f/2 DG HSM Art,2015,999,941,121.92,86.36,2,24-35,1,0,0,Full-Frame
Sigma,150-600mm f/5-6.3 DG OS HSM,2015,989,1950,259,104,5,150-600,1,1,0,Full-Frame
Sigma,150-600mm f/5-6.3 DG OS HSM Sport,2015,1999,2860,290,122,5,150-600,1,1,0,Full-Frame
Sigma,85mm f/1.4 DG HSM Art,2016,1199,,126.2,94.7,1.4,85,0,0,0,Full-Frame
Sigma,12-24mm f/4 DG HSM Art,2016,1599,1150,131.5,102,4,12-24,1,0,0,Full-Frame
Sigma,500mm f/4 DG OS HSM Sport,2016,5999,3310,380.3,144.8,4,500,0,1,0,Full-Frame
Sigma,50-100mm f/1.8 DC HSM Art,2016,1099,1490,170.7,93.5,1.8,50-100,1,0,0,APS-C
Sony,FE 28mm f/2,2015,448,200,59.944,64.008,2,28,0,0,0,Full-Frame
Sony,Sonnar T* FE 35mm f/2.8 ZA,2013,798,120,36.576,61.468,2.8,35,0,0,0,Full-Frame
Sony,Distagon T* FE 35mm f/1.4 ZA,2015,1598,630,112.014,78.486,1.4,35,0,0,0,Full-Frame
Sony,FE 50mm f/1.8,2016,248,186,59.436,68.58,1.8,50,0,0,0,Full-Frame
Sony,Sonnar T* FE 55mm f/1.8 ZA,2013,998,281,70.612,64.516,1.8,55,0,0,0,Full-Frame
Sony,FE 85mm f/1.4 GM,2016,1798,820,107.442,89.408,1.4,85,0,0,0,Full-Frame
Sony,FE 90mm f/2.8 Macro G OSS,2015,602,130.556,130.556,78.994,2.8,90,0,1,0,Full-Frame
Sony,Vario-Tessar T* FE 16-35mm f/4 ZA OSS,2014,1348,518,98.552,77.978,4,16-36,1,1,0,Full-Frame
Sony,FE 24-240mm f/3.5-6.3 OSS,2015,998,780,118.618,80.518,6.3,24-240,1,1,0,Full-Frame
Sony,Vario-Tessar T* FE 24-70mm f/4 ZA OSS,2013,1198,430,944.88,72.898,4,24-70,1,1,0,Full-Frame
Sony,FE 24-70mm f/2.8 GM,2016,2198,886,131.075,87.63,2.8,24-70,1,1,0,Full-Frame
Sony,FE PZ 28-135mm f/4 G OSS,2014,2498,1215,165.1,101.6,4,28-135,1,1,0,Full-Frame
Sony,FE 70-200mm f/4.0 G OSS,2013,1498,840,175.006,80.01,4,70-200,1,1,0,Full-Frame
Sony,FE 70-200mm f/2.8 GM OSS,2016,3000,1480,199.898,87.884,2.8,70-200,1,1,0,Full-Frame
Sony,FE 70-300mm f/4.5-5.6G OSS,2016,1198,854,143.51,84.074,5.6,70-300,1,1,0,Full-Frame
Sony,Planar T* FE 50mm f/1.4 ZA,2016,1498,778,108,83.5,1.4,50,0,0,0,Full-Frame
Tamron,SP 35mm f/1.8 Di VC USD,2015,599,450.77,78.74,80.518,1.8,35,0,1,0,Full-Frame
Tamron,SP 45mm f/1.8 Di VC USD,2015,599,498.95,88.9,3.17,1.8,45,0,1,0,Full-Frame
Tamron,SP 90mm f/2.8 Di Macro 1:1 VC USD,2012,749,550,114.554,76.454,2.8,90,0,1,0,Full-Frame
Tamron,SP 150-600mm f/5-6.3 Di VC USD,2013,1069,1950,257.81,105.664,6.3,150-600,1,1,0,Full-Frame
Tamron,SP 15-30mm f/2.8 Di VC USD,2014,1199,1100,143.002,98.298,2.8,15-30,1,1,0,Full-Frame
Tamron,SP 24-70mm f/2.8 Di VC USD,2012,1299,825,116.84,88.9,2.8,24-70,1,1,0,Full-Frame
Tamron,28-300mm f/3.5-6.3 Di VC PZD,2014,849,540,96.012,74.422,6.3,28-300,1,1,0,Full-Frame
Tamron,SP 70-200mm f/2.8 Di VC USD,2012,1499,1470,188.214,85.852,2.8,70-200,1,1,0,Full-Frame
Tamron,SP 70-300mm f/4-5.6 Di VC USD,2010,449,765,149.86,81.534,5.6,70-300,1,1,0,Full-Frame
Tamron,AF 28-75mm f2.8 XR DI LD,1992,499,508,91.9,73,2.8,28-75,1,0,0,Full-Frame
Tamron,SP 150-600mm f/5-6.3 Di VC USD G2,2016,1399,2010,260.2,108.4,5,150-600,1,1,0,Full-Frame
Tamron,SP 85mm f/1.8 Di VC USD,2016,749,700,91.3,84.8,1.8,85,0,1,0,Full-Frame
Tokina,100mm f/2.8 AT-X M100 AF Pro D,2006,379,540,94.996,73.66,2.8,100,0,0,0,Full-Frame
Tokina,AT-X 16-28mm f/2.8 Pro FX,2010,629,950,133.35,89.916,2.8,16-28,1,0,0,Full-Frame
Tokina,17-35mm f/4 Pro FX,2011,449,600,93.98,88.9,4,17-35,1,0,0,Full-Frame
Tokina,AT-X 24-70mm f/2.8 Pro FX,2015,999,1000,107.442,135.128,2.8,24-70,1,0,0,Full-Frame
Tokina,AT-X 70-200mm f/4 Pro FX VCM-S,2014,899,980,167.386,82.042,4,70-200,1,1,0,Full-Frame
Tokina,FiRIN 20mm f/2 FE MF,2016,,490,81.5,69,2,20,0,0,0,Full-Frame
Venus,Laowa 15mm f/4 Wide Angle 1:1 Macro,2015,499,410,64.7,83.8,4,15,0,0,0,Full-Frame
Venus,Laowa 60mm f/2.8 2X Ultra-Macro,2015,399,503,95,70,2.8,60,0,0,0,Full-Frame
Venus,Laowa STF 105mm f/2 (T/3.2),2016,699,745,98.9,76,2,105,0,0,0,Full-Frame
Venus,Laowa 12mm f/2.8 Zero-D,2016,949,609,82.8,74.8,2.8,12,0,0,0,Full-Frame
Voigtlander,10.5mm f/0.95 Aspherical,2014,1099,586,82.296,76.962,0.95,10.5,0,0,0,Micro Four Thirds
Voigtlander,Ultra-Wide Heliar 12mm f/5.6 II,2010,699,230,42.5,74.6,5.6,12,0,0,0,Full-Frame
Voigtlander,Super-Wide Heliar 15mm f/4.5 III,2014,699,247,55.2,64.8,4.5,15,0,0,0,Full-Frame
Voigtlander,17.5mm f/0.95 Aspherical,2012,899,540,80.01,63.5,0.95,17.5,0,0,0,Micro Four Thirds
Voigtlander,Color-Skopar 21mm f/4 P II,2014,419,136,25,55,4,21,0,0,0,Full-Frame
Voigtlander,Ultron 21mm f/1.8,2012,1049,412,92,69,1.8,21,0,0,0,Full-Frame
Voigtlander,Color-Skopar 25mm f/4P,2014,419,144,30,55,4,25,0,0,0,Full-Frame
Voigtlander,25mm f/0.95 Type II,2013,799,435,70.104,60.706,0.95,25,0,0,0,Micro Four Thirds
Voigtlander,Ultron 28mm f/2,2014,599,244,51,55,2,28,0,0,0,Full-Frame
Voigtlander,Ultron Aspherical 35mm f/1.7,2012,979,238,53,50.9,1.7,35,0,0,0,Full-Frame
Voigtlander,Nokton Classic 35mm f/1.4,2006,629,200,29,55,1.4,35,0,0,0,Full-Frame
Voigtlander,Nokton Aspherical 35mm f/1.2 II,2012,950,471,62,60.8,1.2,35,0,0,0,Full-Frame
Voigtlander,Nokton 40mm f/1.4,2008,449,175,30,55,1.4,40,0,0,0,Full-Frame
Voigtlander,42.5mm f/0.95 Aspherical,2014,799,571,74.676,64.262,0.95,42.5,0,0,0,Micro Four Thirds
Voigtlander,Nokton Aspherical 50mm f/1.5,2013,799,220,45.7,53.8,1.5,50,0,0,0,Full-Frame
Voigtlander,Nokton 50mm f/1.1,2008,899,428,57.2,69.6,1.1,50,0,0,0,Full-Frame
Voigtlander,Heliar 75mm f/1.8,2006,699,427,57.9,73.8,1.8,75,0,0,0,Full-Frame
Zeiss,Distagon T* 15mm f/2.8 ZE,2012,2950,820,134.874,103.124,2.8,15,0,0,0,Full-Frame
Zeiss,Distagon T* 15mm f/2.8 ZM,2006,4600,550,92,78,2.8,15,0,0,0,Full-Frame
Zeiss,Compact Prime CP.2 15mm T2.9,2012,5700,900,86,114,2.9,15,0,0,1,Full-Frame
Zeiss,Distagon T* 18mm f/3.5 ZE,2009,1395,510,87.122,84.074,3.5,18,0,0,0,Full-Frame
Zeiss,Distagon T* 18mm f/4 ZM,2005,1428,350,71,65,4,18,0,0,0,Full-Frame
Zeiss,Compact Prime CP.2 18mm T3.6,2010,3990,900,80,114,3.6,18,0,0,1,Full-Frame
Zeiss,Distagon T* 21mm f/2.8 ZE,2008,1843,600,108.966,87.122,2.8,21,0,0,0,Full-Frame
Zeiss,Milvus 21mm f/2.8 ZE,2015,1843,735,92.456,95.25,2.8,21,0,0,0,Full-Frame
Zeiss,Loxia Distagon T* 21mm f/2.8,2015,1499,394,71.882,61.976,2.8,21,0,0,0,Full-Frame
Zeiss,Biogon T* 21mm f/2.8 ZM,2006,1428,300,75,60,2.8,21,0,0,0,Full-Frame
Zeiss,Biogon T* 21mm f/4.5 C ZM,2005,1201,190,31,53,4.5,21,0,0,0,Full-Frame
Zeiss,Compact Prime CP.2 21mm T2.9,2010,3990,1000,80,114,2.9,21,0,0,1,Full-Frame
Zeiss,Distagon T* 25mm f/2.0 ZE,2011,1699,600,98.044,72.898,2,25,0,0,0,Full-Frame
Zeiss,Distagon T* 25mm f/2.8 ZE,2010,1004,480,89.916,59.944,2.8,25,0,0,0,Full-Frame
Zeiss,Batis 25mm f/2.0,2015,1299,335,77.978,81.026,2,25,0,1,0,Full-Frame
Zeiss,Biogon T* 25mm f/2.8 ZM,2005,1201,260,71,53,2.8,25,0,0,0,Full-Frame
Zeiss,Compact Prime CP.2 25mm T2.1,2012,4500,900,80,114,2.1,25,0,0,1,Full-Frame
Zeiss,Distagon T* 28mm f/2 ZE,2009,1283,520,92.964,64.008,2,28,0,0,0,Full-Frame
Zeiss,Apo Distagon T* 28mm f/1.4 Otus ZE,2015,4990,1350,134.874,108.966,1.4,28,0,0,0,Full-Frame
Zeiss,Biogon T* 28mm f/2.8 ZM,2005,1087,230,62,53,2.8,28,0,0,0,Full-Frame
Zeiss,Compact Prime CP.2 28mm T2.1,2010,3990,1000,80,114,2.1,28,0,0,1,Full-Frame
Zeiss,Distagon T* 35mm f/2 ZE,2006,1117,570,74.93,72.644,2,35,0,0,0,Full-Frame
Zeiss,Distagon T* 35mm f/1.4 ZE,2010,1843,830,119.888,77.978,1.4,35,0,0,0,Full-Frame
Zeiss,Milvus 35mm f/2 ZE,2015,1117,702,83.058,76.962,2,35,0,0,0,Full-Frame
Zeiss,Loxia Biogon T* 35mm f/2,2014,1299,340,59.182,61.976,2,35,0,0,0,Full-Frame
Zeiss,Distagon T* 35mm f/1.4 ZM,2014,2290,381,65.3,2.49,1.4,35,0,0,0,Full-Frame
Zeiss,Biogon T* 35mm f/2 ZM,2005,1087,240,68,52,2,35,0,0,0,Full-Frame
Zeiss,Biogon T* 35mm f/2.8 C ZM,2005,860,200,55,52,2.8,35,0,0,0,Full-Frame
Zeiss,Compact Prime CP.2 35mm T2.1,2010,3990,1000,80,114,2.1,35,0,0,1,Full-Frame
Zeiss,Compact Prime CP.2 35mm T1.5 Super Speed,2010,4900,1100,91,114,1.5,35,0,0,1,Full-Frame
Zeiss,Planar T* 50mm f/1.4 ZE,2006,725,350,69.088,66.04,1.4,50,0,0,0,Full-Frame
Zeiss,Makro-Planar T* 50mm f/2 ZE,2006,1283,530,87.884,71.882,2,50,0,0,0,Full-Frame
Zeiss,Milvus 50mm f/1.4 ZE,2015,1199,922,97.536,82.55,1.4,50,0,0,0,Full-Frame
Zeiss,Milvus 50mm f/2M ZE,2015,1283,730,75.184,81.026,2,50,0,0,0,Full-Frame
Zeiss,Loxia Planar T* 50mm f/2,2014,949,320,59.182,61.976,2,50,0,0,0,Full-Frame
Zeiss,Sonnar T* 50mm f/1.5 C ZM,2005,1201,250,63,56,1.5,50,0,0,0,Full-Frame
Zeiss,Planar T* 50mm f/2 ZM,2005,860,210,68,52,2,50,0,0,0,Full-Frame
Zeiss,Compact Prime CP.2 50mm T2.1,2010,3990,900,80,114,2.1,50,0,0,1,Full-Frame
Zeiss,Compact Prime CP.2 50mm T1.5 Super Speed,2010,4500,900,80,114,1.5,50,0,0,1,Full-Frame
Zeiss,Compact Prime CP.2 50mm T2.1 Makro,2010,4900,1400,132,134,2.1,50,0,0,1,Full-Frame
Zeiss,Apo Distagon T* 55mm f/1.4 Otus ZE,2013,3990,1030,143.764,92.456,1.4,55,0,0,0,Full-Frame
Zeiss,Planar T* 85mm f/1.4 ZE,2006,1283,670,65.024,78.232,1.4,85,0,0,0,Full-Frame
Zeiss,Apo Planar T* 85mm f/1.4 Otus ZE,2014,4490,1200,123.952,101.092,1.4,85,0,0,0,Full-Frame
Zeiss,Milvus 85mm f/1.4 ZE,2015,1799,1280,113.03,89.916,1.4,85,0,0,0,Full-Frame
Zeiss,Batis 85mm f/1.8,2015,1199,475,91.948,81.026,1.8,85,0,1,0,Full-Frame
Zeiss,Tele-Tessar T* 85mm f/4 ZM,2005,940,310,95,54,4,85,0,0,0,Full-Frame
Zeiss,Compact Prime CP.2 85mm T2.1,2010,3990,900,80,114,2.1,85,0,0,1,Full-Frame
Zeiss,Compact Prime CP.2 85mm T1.5 Super Speed,2010,4500,900,80,114,1.5,85,0,0,1,Full-Frame
Zeiss,Makro-Planar T* 100mm f/2 ZE,2006,1843,680,113.03,75.946,2,100,0,0,0,Full-Frame
Zeiss,Milvus 100mm f/2M ZE,2015,1843,843,103.886,80.518,2,100,0,0,0,Full-Frame
Zeiss,Compact Prime CP.2 100mm T2.1,2010,4900,1500,132,114,2.1,100,0,0,1,Full-Frame
Zeiss,Apo Sonnar T* 135mm f/2 ZE,2012,2122,930,107.95,84.074,2,135,0,0,0,Full-Frame
Zeiss,Compact Prime CP.2 135mm T2.1,2012,5700,1600,149,114,2.1,135,0,0,1,Full-Frame
Zeiss,Compact Zoom CZ.2 70-200mm T2.9,2012,19900,2800,250,95,2.9,70-200,1,0,1,Full-Frame
Zeiss,Compact Zoom CZ.2 15-30mm T2.9,2014,23900,2600,198,114,2.9,15-30,1,0,1,Full-Frame
Zeiss,Compact Zoom CZ.2 28-80mm T2.9,2010,19900,2500,196,95,2.9,28-80,1,0,1,Full-Frame
Zeiss,Milvus 15mm f/2.8 ZE,2016,2699,880,99,102.3,2.8,15,0,0,0,Full-Frame
Zeiss,Milvus 18mm f/2.8 ZE,2016,2299,721,93,90,2.8,18,0,0,0,Full-Frame
Zeiss,Milvus 135mm f/2 ZE,2016,2199,1123,115,89.7,2,135,0,0,0,Full-Frame
Zeiss,Loxia 85mm f/2.4,2016,1399,594,94.8,62.5,2.4,85,0,0,0,Full-Frame
Zeiss,Batis 18mm f/2.8,2016,1499,330,80,100,2.8,18,0,0,0,Full-Frame
Fujifilm,MK 18-55mm T2.9,2017,3799,980,206.3,85,2.9,18-55,1,0,1,Super 35
Fujifilm,MK 50-135mm T2.9,2017,3799,980,206.3,85,2.9,50-135,1,0,1,Super 35
Sigma,14mm f/1.8 DG HSM Art,2017,,1170,126,95.4,1.8,14,0,0,0,Full-Frame
Sigma,135mm f/1.8 DG HSM Art,2017,,1130,114.9,91.4,1.8,135,0,0,0,Full-Frame
Sigma,24-70mm DG OS HSM Art,2017,,,107.6,88,2.8,24-70,1,1,0,Full-Frame
Sigma,100-400mm f/5-6.3 DG OS HSM Contemporary,2017,,1160,182.3,86.4,6.3,100-400,1,1,0,Full-Frame
